dataset,model,eval_metrics/MSE[mean],eval_metrics/MSE[0.5],eval_metrics/MAE[0.5],eval_metrics/MASE[0.5],eval_metrics/MAPE[0.5],eval_metrics/sMAPE[0.5],eval_metrics/MSIS,eval_metrics/RMSE[mean],eval_metrics/NRMSE[mean],eval_metrics/ND[0.5],eval_metrics/mean_weighted_sum_quantile_loss,domain,num_variates
loop_seattle/D/short,SLSQPEnsemble_3-models_chronos-flowstate-timesfm_opt-mae_1-windows,17.87604112827846,17.87604112827846,2.905791967963389,0.8756381770076357,0.0543279168179238,0.0536340055505219,6.582424216152578,4.228006755940494,0.0755601277973418,0.0519303835414432,0.0417971375154366,Transport,1
loop_seattle/D/short,SLSQPEnsemble_3-models_chronos-flowstate-timesfm_opt-mae_1-windows,17.87604112827846,17.87604112827846,2.905791967963389,0.8756381770076357,0.0543279168179238,0.0536340055505219,6.582424216152578,4.228006755940494,0.0755601277973418,0.0519303835414432,0.0417971375154366,Transport,1
loop_seattle/D/short,SLSQPEnsemble_3-models_chronos-flowstate-timesfm_opt-mae_1-windows,17.79911269405529,17.79911269405529,2.8973793193268826,0.873194331258448,0.05418241975080928,0.053473756906972925,6.532642751126812,4.218899464795919,0.07539737377245395,0.051780042004493355,0.04167078773980236,Transport,1
