dataset,model,eval_metrics/MSE[mean],eval_metrics/MSE[0.5],eval_metrics/MAE[0.5],eval_metrics/MASE[0.5],eval_metrics/MAPE[0.5],eval_metrics/sMAPE[0.5],eval_metrics/MSIS,eval_metrics/RMSE[mean],eval_metrics/NRMSE[mean],eval_metrics/ND[0.5],eval_metrics/mean_weighted_sum_quantile_loss,domain,num_variates
restaurant/D/short,SLSQPEnsemble_3-models_moirai-sundial-toto_opt-random_1-windows,141.22938892310694,141.22938892310694,7.204941447929556,0.6902378592904647,0.7052075906804013,0.3970202720662719,5.201844559124213,11.883997177848324,0.5469290850693838,0.3315880991153234,0.264841215692949,Sales,1
restaurant/D/short,SLSQPEnsemble_3-models_moirai-sundial-toto_opt-random_1-windows,141.3388489140812,141.3388489140812,7.1660662749372825,0.6863844304203185,0.6814839161868623,0.3949759045455644,4.568359225958961,11.888601638295448,0.5471409930075881,0.3297989735813482,0.2590863366237936,Sales,1
