dataset,model,eval_metrics/MSE[mean],eval_metrics/MSE[0.5],eval_metrics/MAE[0.5],eval_metrics/MASE[0.5],eval_metrics/MAPE[0.5],eval_metrics/sMAPE[0.5],eval_metrics/MSIS,eval_metrics/RMSE[mean],eval_metrics/NRMSE[mean],eval_metrics/ND[0.5],eval_metrics/mean_weighted_sum_quantile_loss,domain,num_variates
m_dense/H/short,SLSQPEnsemble_4-models_chronos-moirai-sundial-toto_opt-mae_1-windows,39432.43473105146,39432.43473105146,83.48206320113218,0.7539597144822467,0.2788384779182516,0.2009038859311817,8.401670553568223,198.5760175123156,0.3522243730948539,0.1480763777219981,0.1227395546497083,Transport,1
m_dense/H/short,SLSQPEnsemble_4-models_chronos-moirai-sundial-toto_opt-mae_1-windows,39432.434731051464,39432.434731051464,83.48206320113218,0.7539597144822467,0.27883847791825167,0.20090388593118172,8.401670553568223,198.5760175123156,0.3522243730948539,0.1480763777219981,0.12273955464970832,Transport,1
