dataset,model,eval_metrics/MSE[mean],eval_metrics/MSE[0.5],eval_metrics/MAE[0.5],eval_metrics/MASE[0.5],eval_metrics/MAPE[0.5],eval_metrics/sMAPE[0.5],eval_metrics/MSIS,eval_metrics/RMSE[mean],eval_metrics/NRMSE[mean],eval_metrics/ND[0.5],eval_metrics/mean_weighted_sum_quantile_loss,domain,num_variates
m_dense/D/short,SLSQPEnsemble_3-models_chronos-flowstate-timesfm_opt-mae_1-windows,7552.383758619091,7552.383758619091,42.69188295420303,0.6429059502363068,0.1179333184307221,0.0933416208886613,6.688114189486908,86.90445189182826,0.1504444610771018,0.0739059643504376,0.0607411969969125,Transport,1
m_dense/D/short,SLSQPEnsemble_3-models_chronos-flowstate-timesfm_opt-mae_1-windows,7552.383758619091,7552.383758619091,42.69188295420303,0.6429059502363068,0.1179333184307221,0.0933416208886613,6.688114189486908,86.90445189182826,0.1504444610771018,0.0739059643504376,0.0607411969969125,Transport,1
m_dense/D/short,SLSQPEnsemble_3-models_chronos-flowstate-timesfm_opt-mae_1-windows,7548.50478448131,7548.50478448131,42.68295870145233,0.6428284559536268,0.11792112250775529,0.09332699504944315,6.6887397039311365,86.88213156041529,0.15040582128181648,0.07389051514885629,0.06074044776074973,Transport,1
