dataset,model,eval_metrics/MSE[mean],eval_metrics/MSE[0.5],eval_metrics/MAE[0.5],eval_metrics/MASE[0.5],eval_metrics/MAPE[0.5],eval_metrics/sMAPE[0.5],eval_metrics/MSIS,eval_metrics/RMSE[mean],eval_metrics/NRMSE[mean],eval_metrics/ND[0.5],eval_metrics/mean_weighted_sum_quantile_loss,domain,num_variates
hospital/M/short,SLSQPEnsemble_3-models_moirai-sundial-toto_opt-random_1-windows,3216.9687459763823,3216.9687459763823,18.96516969663884,0.7755212126993661,0.1912803449862232,0.1742333809047125,5.183911229723913,56.71832813100526,0.2059007019150115,0.0688479699799295,0.0542971643907696,Healthcare,1
hospital/M/short,SLSQPEnsemble_3-models_moirai-sundial-toto_opt-random_1-windows,3024.313242428785,3024.313242428785,18.365733408520352,0.7622282496209328,0.19063286440700886,0.17217182984760446,5.062618786168412,54.99375639496528,0.19964010604319302,0.06667187705645963,0.05242389030045404,Healthcare,1
