dataset,model,eval_metrics/MSE[mean],eval_metrics/MSE[0.5],eval_metrics/MAE[0.5],eval_metrics/MASE[0.5],eval_metrics/MAPE[0.5],eval_metrics/sMAPE[0.5],eval_metrics/MSIS,eval_metrics/RMSE[mean],eval_metrics/NRMSE[mean],eval_metrics/ND[0.5],eval_metrics/mean_weighted_sum_quantile_loss,domain,num_variates
us_births/D/short,SLSQPEnsemble_3-models_moirai-sundial-toto_opt-random_1-windows,167994.4952448064,167994.4952448064,242.22457977273555,0.3566362753174872,0.0233144519767791,0.0229749898094585,3.730992357462703,409.8713154696318,0.0384221099113887,0.0227065888145996,0.0186024525918583,Healthcare,1
us_births/D/short,SLSQPEnsemble_3-models_moirai-sundial-toto_opt-random_1-windows,167296.58423796494,167296.58423796494,242.10600384616225,0.3564719338537868,0.0233000389904182,0.0229614296814551,3.7366743591875697,409.0190511919524,0.038342217051082,0.0226954732836715,0.0185892686441883,Healthcare,1
us_births/D/short,SLSQPEnsemble_3-models_moirai-sundial-toto_opt-random_1-windows,167349.34573329738,167349.34573329738,242.80156210691334,0.35749157046385394,0.02336560197997599,0.02302853013967987,3.71743516388057,409.0835437087361,0.038348262701203936,0.02276067622648727,0.01861622291045123,Healthcare,1
