dataset,model,eval_metrics/MSE[mean],eval_metrics/MSE[0.5],eval_metrics/MAE[0.5],eval_metrics/MASE[0.5],eval_metrics/MAPE[0.5],eval_metrics/sMAPE[0.5],eval_metrics/MSIS,eval_metrics/RMSE[mean],eval_metrics/NRMSE[mean],eval_metrics/ND[0.5],eval_metrics/mean_weighted_sum_quantile_loss,domain,num_variates
us_births/D/short,SLSQPEnsemble_3-models_moirai-sundial-toto_opt-random_1-windows,167994.4952448064,167994.4952448064,242.22457977273555,0.3566362753174872,0.0233144519767791,0.0229749898094585,3.730992357462703,409.8713154696318,0.0384221099113887,0.0227065888145996,0.0186024525918583,Healthcare,1
us_births/D/short,SLSQPEnsemble_3-models_moirai-sundial-toto_opt-random_1-windows,167296.58423796494,167296.58423796494,242.10600384616225,0.3564719338537868,0.023300038990418274,0.022961429681455155,3.7366743591875697,409.01905119195237,0.03834221705108205,0.022695473283671594,0.01858926864418832,Healthcare,1
