dataset,model,eval_metrics/MSE[mean],eval_metrics/MSE[0.5],eval_metrics/MAE[0.5],eval_metrics/MASE[0.5],eval_metrics/MAPE[0.5],eval_metrics/sMAPE[0.5],eval_metrics/MSIS,eval_metrics/RMSE[mean],eval_metrics/NRMSE[mean],eval_metrics/ND[0.5],eval_metrics/mean_weighted_sum_quantile_loss,domain,num_variates
covid_deaths/D/short,SLSQPEnsemble_5-models_chronos-moirai-sundial-timesfm-toto_opt-mae_1-windows,311992.3543178851,311992.3543178851,98.5927931259234,36.69020141922711,0.0950309246253493,0.3752581453938138,757.462753296772,558.5627577254727,0.2101619558731909,0.037096018221338,0.0309701456221094,Healthcare,1
ett1/D/short,SLSQPEnsemble_5-models_chronos-moirai-sundial-timesfm-toto_opt-mae_1-windows,37569.47262858858,37569.47262858858,132.11503315477992,1.6687916749438378,1.140940353649646,0.4850604991991942,10.852957498576703,193.82846186406317,0.5090968844417272,0.3470045168814508,0.2662914570516473,Energy,7
hospital/M/short,SLSQPEnsemble_5-models_chronos-moirai-sundial-timesfm-toto_opt-mae_1-windows,2776.0773775299954,2776.0773775299954,17.845226596947736,0.7576456559000867,0.1899681102466958,0.1722655756038046,5.036120593828869,52.68849378687908,0.191271467461198,0.064782316461394,0.0506426909950605,Healthcare,1
us_births/D/short,SLSQPEnsemble_5-models_chronos-moirai-sundial-timesfm-toto_opt-mae_1-windows,136185.55330918738,136185.55330918738,221.81999995519573,0.326541392839659,0.0212334882411127,0.0212017632845618,2.5705498537025693,369.0332685669239,0.0345938743958967,0.0207938250303204,0.0165232988653411,Healthcare,1
us_births/M/short,SLSQPEnsemble_5-models_chronos-moirai-sundial-timesfm-toto_opt-mae_1-windows,35515245.91321143,35515245.91321143,4789.196082990366,0.5406663240835222,0.0147857242184049,0.0149374036433006,4.081046042125592,5959.4669151872495,0.0185100636074394,0.0148752103814416,0.0115168427839286,Healthcare,1
us_births/W/short,SLSQPEnsemble_5-models_chronos-moirai-sundial-timesfm-toto_opt-mae_1-windows,1587351.6919655215,1587351.6919655215,970.2360843693216,0.8826398892220387,0.013184189507001,0.0132101335901502,5.233042918015405,1259.901461212551,0.0171030387970462,0.0131708597093715,0.0102163129020715,Healthcare,1
