dataset,model,eval_metrics/MSE[mean],eval_metrics/MSE[0.5],eval_metrics/MAE[0.5],eval_metrics/MASE[0.5],eval_metrics/MAPE[0.5],eval_metrics/sMAPE[0.5],eval_metrics/MSIS,eval_metrics/RMSE[mean],eval_metrics/NRMSE[mean],eval_metrics/ND[0.5],eval_metrics/mean_weighted_sum_quantile_loss,domain,num_variates
covid_deaths/D/short,SLSQPEnsemble_5-models_chronos-flowstate-moirai-sundial-toto_opt-mae_1-windows,311992.3586415925,311992.3586415925,98.59279374852105,36.690201350259706,0.0950309244704406,0.3752581451068171,757.4627471990514,558.5627615958591,0.2101619573294427,0.0370960184555934,0.0309701458304431,Healthcare,1
hospital/M/short,SLSQPEnsemble_5-models_chronos-flowstate-moirai-sundial-toto_opt-mae_1-windows,2654.9773187192327,2654.9773187192327,17.666191980139804,0.754484364609429,0.1902661658791067,0.1714952994255131,5.078233194351228,51.52647201894607,0.1870530586056815,0.0641323792280064,0.0508683412808537,Healthcare,1
us_births/D/short,SLSQPEnsemble_5-models_chronos-flowstate-moirai-sundial-toto_opt-mae_1-windows,136185.5531737155,136185.5531737155,221.81999969157627,0.3265413924515414,0.0212334882199002,0.0212017632605613,2.570549852313706,369.0332683833742,0.0345938743786904,0.0207938250056082,0.0165232988462948,Healthcare,1
us_births/M/short,SLSQPEnsemble_5-models_chronos-flowstate-moirai-sundial-toto_opt-mae_1-windows,35515266.125484735,35515266.125484735,4789.197554187628,0.540666492641076,0.0147857287504304,0.0149374082736244,4.081046573613615,5959.4686109992,0.0185100688746198,0.0148752149509703,0.011516845577048,Healthcare,1
us_births/W/short,SLSQPEnsemble_5-models_chronos-flowstate-moirai-sundial-toto_opt-mae_1-windows,1613244.6584373876,1613244.6584373876,981.718320005534,0.8929991503906264,0.0133384420132807,0.013364936451469,5.278030824810094,1270.1356850499822,0.0172419673821284,0.013326729932249,0.0103839620958121,Healthcare,1
