dataset,model,eval_metrics/MSE[mean],eval_metrics/MSE[0.5],eval_metrics/MAE[0.5],eval_metrics/MASE[0.5],eval_metrics/MAPE[0.5],eval_metrics/sMAPE[0.5],eval_metrics/MSIS,eval_metrics/RMSE[mean],eval_metrics/NRMSE[mean],eval_metrics/ND[0.5],eval_metrics/mean_weighted_sum_quantile_loss,domain,num_variates
covid_deaths/D/short,SLSQPEnsemble_5-models_flowstate-moirai-sundial-timesfm-toto_opt-mae_1-windows,274259.6225015632,274259.6225015632,93.40047403619776,37.74364660011106,0.0975944461349617,0.3800293744549386,895.3762394268119,523.6980260623131,0.1970439309136306,0.0351423828950981,0.0288436974038403,Healthcare,1
hospital/M/short,SLSQPEnsemble_5-models_flowstate-moirai-sundial-timesfm-toto_opt-mae_1-windows,2694.37411010358,2694.37411010358,17.65114005540629,0.7536299885530553,0.1894569125556371,0.1715029781053781,5.027073993139369,51.90736084702804,0.1884357734994019,0.0640777372459535,0.0502109607599295,Healthcare,1
us_births/D/short,SLSQPEnsemble_5-models_flowstate-moirai-sundial-timesfm-toto_opt-mae_1-windows,155525.30564700312,155525.30564700312,227.00703735053327,0.3342044309132134,0.0219835175854129,0.0216065619052027,3.5889015092693946,394.3669682503887,0.0369687031701057,0.0212800676957525,0.0177470330708329,Healthcare,1
us_births/M/short,SLSQPEnsemble_5-models_flowstate-moirai-sundial-timesfm-toto_opt-mae_1-windows,49262415.56537455,49262415.56537455,5724.96748535052,0.647543033717365,0.0176595088678359,0.017879872280761,4.287672505425275,7018.718940474433,0.0218000931760923,0.0177817099771635,0.0133924117219155,Healthcare,1
us_births/W/short,SLSQPEnsemble_5-models_flowstate-moirai-sundial-timesfm-toto_opt-mae_1-windows,1636862.9539785315,1636862.9539785315,1010.4643591281366,0.9187303996507372,0.0136951947799591,0.0137375105642246,5.840753558272738,1279.399450515175,0.0173677220899651,0.013716954594662,0.010606025366623,Healthcare,1
