dataset,model,eval_metrics/MSE[mean],eval_metrics/MSE[0.5],eval_metrics/MAE[0.5],eval_metrics/MASE[0.5],eval_metrics/MAPE[0.5],eval_metrics/sMAPE[0.5],eval_metrics/MSIS,eval_metrics/RMSE[mean],eval_metrics/NRMSE[mean],eval_metrics/ND[0.5],eval_metrics/mean_weighted_sum_quantile_loss,domain,num_variates
covid_deaths/D/short,SLSQPEnsemble_3-models_moirai-sundial-toto_opt-random_1-windows,1206202.485331017,1206202.485331017,205.40180987029223,43.03669521976122,0.1198579916639585,0.4020688032539242,855.3589023386497,1098.2725004892989,0.4132303731177404,0.0772834305638585,0.0633140364709393,Healthcare,1
covid_deaths/D/short,SLSQPEnsemble_3-models_moirai-sundial-toto_opt-random_1-windows,289076.2744811369,289076.2744811369,95.05780468426086,37.55188832404343,0.0971545514829377,0.3789716202793666,855.1160628393967,537.658139044818,0.2022964913610207,0.0357659616169303,0.029207931049374,Healthcare,1
covid_deaths/D/short,SLSQPEnsemble_3-models_moirai-sundial-toto_opt-random_1-windows,288134.31954462157,288134.31954462157,94.97624100863378,37.56491293523548,0.09719444566170558,0.3790385340203121,856.7840358118207,536.7814448587261,0.20196663090701913,0.035735272887041196,0.029187790976725088,Healthcare,1
