dataset,model,eval_metrics/MSE[mean],eval_metrics/MSE[0.5],eval_metrics/MAE[0.5],eval_metrics/MASE[0.5],eval_metrics/MAPE[0.5],eval_metrics/sMAPE[0.5],eval_metrics/MSIS,eval_metrics/RMSE[mean],eval_metrics/NRMSE[mean],eval_metrics/ND[0.5],eval_metrics/mean_weighted_sum_quantile_loss,domain,num_variates
covid_deaths/D/short,SLSQPEnsemble_6-models_chronos-flowstate-moirai-sundial-timesfm-toto_opt-mae_1-windows,311992.3614518785,311992.3614518785,98.59279415444828,36.69020130413997,0.0950309243678922,0.3752581449153261,757.462743110833,558.5627641114994,0.2101619582759646,0.0370960186083255,0.0309701459662416,Healthcare,1
hospital/M/short,SLSQPEnsemble_6-models_chronos-flowstate-moirai-sundial-timesfm-toto_opt-mae_1-windows,2697.9821046907164,2697.9821046907164,17.66348387604551,0.7539684400170923,0.1894878310487995,0.1715658977955617,5.029377340459236,51.94210339109032,0.188561897002059,0.0641225481812839,0.0502464379677061,Healthcare,1
us_births/D/short,SLSQPEnsemble_6-models_chronos-flowstate-moirai-sundial-timesfm-toto_opt-mae_1-windows,136185.55322014994,136185.55322014994,221.81999979165025,0.3265413925989022,0.0212334882279233,0.0212017632695793,2.570549852657002,369.0332684462878,0.034593874384588,0.0207938250149893,0.0165232988533724,Healthcare,1
us_births/M/short,SLSQPEnsemble_6-models_chronos-flowstate-moirai-sundial-timesfm-toto_opt-mae_1-windows,35515251.350428656,35515251.350428656,4789.196405768303,0.5406663628401899,0.0147857252896449,0.0149374047212852,4.081046453500188,5959.46737137042,0.0185100650243412,0.0148752113839877,0.0115168436560964,Healthcare,1
us_births/W/short,SLSQPEnsemble_6-models_chronos-flowstate-moirai-sundial-timesfm-toto_opt-mae_1-windows,1613245.4993341942,1613245.4993341942,981.7186996533264,0.8929994927847612,0.0133384470853157,0.0133649415003609,5.278030391312582,1270.1360160763077,0.0172419718757783,0.0133267350859306,0.0103839661962002,Healthcare,1
