dataset,model,eval_metrics/MSE[mean],eval_metrics/MSE[0.5],eval_metrics/MAE[0.5],eval_metrics/MASE[0.5],eval_metrics/MAPE[0.5],eval_metrics/sMAPE[0.5],eval_metrics/MSIS,eval_metrics/RMSE[mean],eval_metrics/NRMSE[mean],eval_metrics/ND[0.5],eval_metrics/mean_weighted_sum_quantile_loss,domain,num_variates
bitbrains_fast_storage/H/short,SLSQPEnsemble_3-models_chronos-flowstate-timesfm_opt-mae_1-windows,2953172.0276256823,2953172.0276256823,334.0935587887521,1.0205752257192986,3.973171210940584,0.5941656119432182,19.5709011911421,1718.4795685796448,4.898224929186151,0.95227515546906,0.7032639545537231,Web/CloudOps,2
bitbrains_fast_storage/H/short,SLSQPEnsemble_3-models_chronos-flowstate-timesfm_opt-mae_1-windows,2803622.4319780064,2803622.4319780064,330.74401053266337,1.1077957595566792,4.139658083432228,0.6005892696820379,19.27340135382034,1674.402111793343,4.772589768192607,0.9427278366655562,0.6976099670260579,Web/CloudOps,2
