dataset,model,eval_metrics/MSE[mean],eval_metrics/MSE[0.5],eval_metrics/MAE[0.5],eval_metrics/MASE[0.5],eval_metrics/MAPE[0.5],eval_metrics/sMAPE[0.5],eval_metrics/MSIS,eval_metrics/RMSE[mean],eval_metrics/NRMSE[mean],eval_metrics/ND[0.5],eval_metrics/mean_weighted_sum_quantile_loss,domain,num_variates
sz_taxi/H/short,SLSQPEnsemble_4-models_chronos-moirai-sundial-toto_opt-mae_1-windows,7.136760483870003,7.136760483870003,1.836278395206532,0.5593213341943772,1.1235291461636554,0.2946918542754474,3.906001598982594,2.671471595183075,0.2488640644427327,0.1710606639814035,0.1346389779861035,Transport,1
sz_taxi/H/short,SLSQPEnsemble_4-models_chronos-moirai-sundial-toto_opt-mae_1-windows,7.136760483870003,7.136760483870003,1.8362783952065316,0.5593213341943772,1.1235291461636554,0.2946918542754474,3.906001598982594,2.671471595183075,0.24886406444273276,0.17106066398140354,0.13463897798610353,Transport,1
