dataset,model,eval_metrics/MSE[mean],eval_metrics/MSE[0.5],eval_metrics/MAE[0.5],eval_metrics/MASE[0.5],eval_metrics/MAPE[0.5],eval_metrics/sMAPE[0.5],eval_metrics/MSIS,eval_metrics/RMSE[mean],eval_metrics/NRMSE[mean],eval_metrics/ND[0.5],eval_metrics/mean_weighted_sum_quantile_loss,domain,num_variates
us_births/M/short,SLSQPEnsemble_3-models_moirai-sundial-toto_opt-random_1-windows,44102841.1812388,44102841.1812388,5426.967325485729,0.6139066159380951,0.0167296330206997,0.0169263205226445,4.249310996503467,6640.997002050129,0.0206268914106221,0.0168561235123628,0.0127641923440393,Healthcare,1
us_births/M/short,SLSQPEnsemble_3-models_moirai-sundial-toto_opt-random_1-windows,49178469.50777588,49178469.50777588,5720.042864231099,0.6469601418973315,0.01764447588837967,0.017864530035110432,4.2734528205247075,7012.736235434489,0.021781510935027896,0.01776641413754223,0.013377213393864355,Healthcare,1
