dataset,model,eval_metrics/MSE[mean],eval_metrics/MSE[0.5],eval_metrics/MAE[0.5],eval_metrics/MASE[0.5],eval_metrics/MAPE[0.5],eval_metrics/sMAPE[0.5],eval_metrics/MSIS,eval_metrics/RMSE[mean],eval_metrics/NRMSE[mean],eval_metrics/ND[0.5],eval_metrics/mean_weighted_sum_quantile_loss,domain,num_variates
sz_taxi/H/short,SLSQPEnsemble_3-models_chronos-flowstate-timesfm_opt-mae_1-windows,7.202178519406262,7.202178519406262,1.846577653583105,0.5627793183516712,1.1144621524458438,0.2952186790569048,3.910365095472263,2.683687485421181,0.2500020560759243,0.1720201076345447,0.1353895822348801,Transport,1
sz_taxi/H/short,SLSQPEnsemble_3-models_chronos-flowstate-timesfm_opt-mae_1-windows,7.202178519406262,7.202178519406262,1.846577653583105,0.5627793183516712,1.1144621524458438,0.2952186790569048,3.9103650954722626,2.683687485421181,0.2500020560759243,0.1720201076345447,0.13538958223488015,Transport,1
