dataset,model,eval_metrics/MSE[mean],eval_metrics/MSE[0.5],eval_metrics/MAE[0.5],eval_metrics/MASE[0.5],eval_metrics/MAPE[0.5],eval_metrics/sMAPE[0.5],eval_metrics/MSIS,eval_metrics/RMSE[mean],eval_metrics/NRMSE[mean],eval_metrics/ND[0.5],eval_metrics/mean_weighted_sum_quantile_loss,domain,num_variates
sz_taxi/15T/short,SLSQPEnsemble_4-models_chronos-moirai-sundial-toto_opt-mae_1-windows,16.550277607051818,16.550277607051818,2.716854908837778,0.5419833528973537,1091345775554.4257,0.3932713256736534,3.806926195596908,4.068203240627466,0.3803944019832786,0.2540375534835082,0.1998321825102002,Transport,1
sz_taxi/15T/short,SLSQPEnsemble_4-models_chronos-moirai-sundial-toto_opt-mae_1-windows,16.550277607051818,16.550277607051818,2.716854908837778,0.5419833528973537,1091345775554.4257,0.3932713256736534,3.806926195596908,4.068203240627466,0.3803944019832786,0.25403755348350826,0.19983218251020024,Transport,1
