dataset,model,eval_metrics/MSE[mean],eval_metrics/MSE[0.5],eval_metrics/MAE[0.5],eval_metrics/MASE[0.5],eval_metrics/MAPE[0.5],eval_metrics/sMAPE[0.5],eval_metrics/MSIS,eval_metrics/RMSE[mean],eval_metrics/NRMSE[mean],eval_metrics/ND[0.5],eval_metrics/mean_weighted_sum_quantile_loss,domain,num_variates
us_births/W/short,SLSQPEnsemble_3-models_moirai-sundial-toto_opt-random_1-windows,1670028.8978776033,1670028.8978776033,990.7222414414592,0.9011476868310506,0.0134757034324721,0.0135256241320098,6.990631960224497,1292.29597920817,0.0175427912024108,0.0134489572828674,0.0108706443468985,Healthcare,1
us_births/W/short,SLSQPEnsemble_3-models_moirai-sundial-toto_opt-random_1-windows,1632515.1690614147,1632515.1690614147,980.1074713946546,0.891426545972923,0.013308560175485235,0.013358217962117589,6.0665690560675865,1277.6991700167198,0.017344640948918688,0.013304862820307243,0.010594357643653858,Healthcare,1
