dataset,model,eval_metrics/MSE[mean],eval_metrics/MSE[0.5],eval_metrics/MAE[0.5],eval_metrics/MASE[0.5],eval_metrics/MAPE[0.5],eval_metrics/sMAPE[0.5],eval_metrics/MSIS,eval_metrics/RMSE[mean],eval_metrics/NRMSE[mean],eval_metrics/ND[0.5],eval_metrics/mean_weighted_sum_quantile_loss,domain,num_variates
hierarchical_sales/D/short,SLSQPEnsemble_3-models_moirai-sundial-toto_opt-random_1-windows,27.715106237494968,27.715106237494968,2.4159732519551564,0.7894317064970553,0.7153453022967158,0.9870374454038032,13.108083653464687,5.264513865258118,1.615094552887086,0.7411938384100653,0.6498401064629694,Sales,1
hierarchical_sales/D/short,SLSQPEnsemble_3-models_moirai-sundial-toto_opt-random_1-windows,28.879623239316025,28.879623239316025,2.271996311005904,0.7359078983947746,0.5865204167872559,1.0481293413838166,7.5388308548192855,5.373976482951523,1.6486764717700584,0.6970233073752719,0.5666291839173678,Sales,1
